epoch,total_of_lines,prct_of_run,time_between_epoch,time_from_start,epoch_size
1.0,500000,0.013678614014982077,4.9172446727752686,4.9172446727752686,500000
2.0,1000000,0.027357228029964153,3.8097360134124756,8.726980686187744,500000
3.0,1500000,0.04103584204494623,4.30986213684082,13.04517126083374,500000